Time of Race,Date,Racer,Lap,Lap Time,Kart Type,RaceID,Lap Time Seconds,RaceID Name,Track Name,Race Time,Race Date
5:32,06.01.2024,mitchell.whitten,1,01:17.050,SUPER KART,5:3206.01.2024,77.05,5:32pm @ 06/01/2024,Lakeside Track,5:32pm,2024-01-06
5:32,06.01.2024,mitchell.whitten,2,00:37.893,SUPER KART,5:3206.01.2024,37.893,5:32pm @ 06/01/2024,Lakeside Track,5:32pm,2024-01-06
5:32,06.01.2024,mitchell.whitten,3,00:36.681,SUPER KART,5:3206.01.2024,36.681,5:32pm @ 06/01/2024,Lakeside Track,5:32pm,2024-01-06
5:32,06.01.2024,mitchell.whitten,4,00:37.669,SUPER KART,5:3206.01.2024,37.669,5:32pm @ 06/01/2024,Lakeside Track,5:32pm,2024-01-06
5:32,06.01.2024,mitchell.whitten,5,00:35.939,SUPER KART,5:3206.01.2024,35.939,5:32pm @ 06/01/2024,Lakeside Track,5:32pm,2024-01-06
5:32,06.01.2024,mitchell.whitten,6,00:37.633,SUPER KART,5:3206.01.2024,37.633,5:32pm @ 06/01/2024,Lakeside Track,5:32pm,2024-01-06
5:32,06.01.2024,mitchell.whitten,7,00:38.264,SUPER KART,5:3206.01.2024,38.264,5:32pm @ 06/01/2024,Lakeside Track,5:32pm,2024-01-06
5:32,06.01.2024,mitchell.whitten,8,00:35.560,SUPER KART,5:3206.01.2024,35.56,5:32pm @ 06/01/2024,Lakeside Track,5:32pm,2024-01-06
5:32,06.01.2024,mitchell.whitten,9,00:35.366,SUPER KART,5:3206.01.2024,35.366,5:32pm @ 06/01/2024,Lakeside Track,5:32pm,2024-01-06
5:32,06.01.2024,mitchell.whitten,10,00:36.340,SUPER KART,5:3206.01.2024,36.34,5:32pm @ 06/01/2024,Lakeside Track,5:32pm,2024-01-06
5:32,06.01.2024,mitchell.whitten,11,00:35.358,SUPER KART,5:3206.01.2024,35.358,5:32pm @ 06/01/2024,Lakeside Track,5:32pm,2024-01-06
5:32,06.01.2024,mitchell.whitten,12,00:36.237,SUPER KART,5:3206.01.2024,36.237,5:32pm @ 06/01/2024,Lakeside Track,5:32pm,2024-01-06
5:32,06.01.2024,mitchell.whitten,13,00:35.743,SUPER KART,5:3206.01.2024,35.743,5:32pm @ 06/01/2024,Lakeside Track,5:32pm,2024-01-06
5:32,06.01.2024,mitchell.whitten,14,00:36.417,SUPER KART,5:3206.01.2024,36.417,5:32pm @ 06/01/2024,Lakeside Track,5:32pm,2024-01-06
5:32,06.01.2024,mathew.stephen,1,01:17.228,SUPER KART,5:3206.01.2024,77.228,5:32pm @ 06/01/2024,Lakeside Track,5:32pm,2024-01-06
5:32,06.01.2024,mathew.stephen,2,00:39.230,SUPER KART,5:3206.01.2024,39.23,5:32pm @ 06/01/2024,Lakeside Track,5:32pm,2024-01-06
5:32,06.01.2024,mathew.stephen,3,00:38.989,SUPER KART,5:3206.01.2024,38.989,5:32pm @ 06/01/2024,Lakeside Track,5:32pm,2024-01-06
5:32,06.01.2024,mathew.stephen,4,00:39.330,SUPER KART,5:3206.01.2024,39.33,5:32pm @ 06/01/2024,Lakeside Track,5:32pm,2024-01-06
5:32,06.01.2024,mathew.stephen,5,00:38.562,SUPER KART,5:3206.01.2024,38.562,5:32pm @ 06/01/2024,Lakeside Track,5:32pm,2024-01-06
5:32,06.01.2024,mathew.stephen,6,00:36.994,SUPER KART,5:3206.01.2024,36.994,5:32pm @ 06/01/2024,Lakeside Track,5:32pm,2024-01-06
5:32,06.01.2024,mathew.stephen,7,00:55.173,SUPER KART,5:3206.01.2024,55.173,5:32pm @ 06/01/2024,Lakeside Track,5:32pm,2024-01-06
5:32,06.01.2024,mathew.stephen,8,00:41.990,SUPER KART,5:3206.01.2024,41.99,5:32pm @ 06/01/2024,Lakeside Track,5:32pm,2024-01-06
5:32,06.01.2024,mathew.stephen,9,00:38.722,SUPER KART,5:3206.01.2024,38.722,5:32pm @ 06/01/2024,Lakeside Track,5:32pm,2024-01-06
5:32,06.01.2024,mathew.stephen,10,00:39.735,SUPER KART,5:3206.01.2024,39.735,5:32pm @ 06/01/2024,Lakeside Track,5:32pm,2024-01-06
5:32,06.01.2024,mathew.stephen,11,00:36.876,SUPER KART,5:3206.01.2024,36.876,5:32pm @ 06/01/2024,Lakeside Track,5:32pm,2024-01-06
5:32,06.01.2024,mathew.stephen,12,00:38.248,SUPER KART,5:3206.01.2024,38.248,5:32pm @ 06/01/2024,Lakeside Track,5:32pm,2024-01-06
5:32,06.01.2024,mathew.stephen,13,00:36.652,SUPER KART,5:3206.01.2024,36.652,5:32pm @ 06/01/2024,Lakeside Track,5:32pm,2024-01-06
5:32,06.01.2024,mathew.stephen,14,00:45.301,SUPER KART,5:3206.01.2024,45.301,5:32pm @ 06/01/2024,Lakeside Track,5:32pm,2024-01-06
5:32,06.01.2024,noah.thomson.4,1,01:17.549,SUPER KART,5:3206.01.2024,77.549,5:32pm @ 06/01/2024,Lakeside Track,5:32pm,2024-01-06
5:32,06.01.2024,noah.thomson.4,2,00:38.752,SUPER KART,5:3206.01.2024,38.752,5:32pm @ 06/01/2024,Lakeside Track,5:32pm,2024-01-06
5:32,06.01.2024,noah.thomson.4,3,00:37.650,SUPER KART,5:3206.01.2024,37.65,5:32pm @ 06/01/2024,Lakeside Track,5:32pm,2024-01-06
5:32,06.01.2024,noah.thomson.4,4,00:39.079,SUPER KART,5:3206.01.2024,39.079,5:32pm @ 06/01/2024,Lakeside Track,5:32pm,2024-01-06
5:32,06.01.2024,noah.thomson.4,5,00:46.632,SUPER KART,5:3206.01.2024,46.632,5:32pm @ 06/01/2024,Lakeside Track,5:32pm,2024-01-06
5:32,06.01.2024,noah.thomson.4,6,00:37.449,SUPER KART,5:3206.01.2024,37.449,5:32pm @ 06/01/2024,Lakeside Track,5:32pm,2024-01-06
5:32,06.01.2024,noah.thomson.4,7,00:45.169,SUPER KART,5:3206.01.2024,45.169,5:32pm @ 06/01/2024,Lakeside Track,5:32pm,2024-01-06
5:32,06.01.2024,noah.thomson.4,8,00:36.950,SUPER KART,5:3206.01.2024,36.95,5:32pm @ 06/01/2024,Lakeside Track,5:32pm,2024-01-06
5:32,06.01.2024,noah.thomson.4,9,00:36.312,SUPER KART,5:3206.01.2024,36.312,5:32pm @ 06/01/2024,Lakeside Track,5:32pm,2024-01-06
5:32,06.01.2024,noah.thomson.4,10,00:36.664,SUPER KART,5:3206.01.2024,36.664,5:32pm @ 06/01/2024,Lakeside Track,5:32pm,2024-01-06
5:32,06.01.2024,noah.thomson.4,11,00:43.342,SUPER KART,5:3206.01.2024,43.342,5:32pm @ 06/01/2024,Lakeside Track,5:32pm,2024-01-06
5:32,06.01.2024,noah.thomson.4,12,00:36.800,SUPER KART,5:3206.01.2024,36.8,5:32pm @ 06/01/2024,Lakeside Track,5:32pm,2024-01-06
5:32,06.01.2024,noah.thomson.4,13,00:39.132,SUPER KART,5:3206.01.2024,39.132,5:32pm @ 06/01/2024,Lakeside Track,5:32pm,2024-01-06
5:32,06.01.2024,noah.thomson.4,14,00:37.954,SUPER KART,5:3206.01.2024,37.954,5:32pm @ 06/01/2024,Lakeside Track,5:32pm,2024-01-06
5:32,06.01.2024,josh.kolappillil,1,01:17.192,SUPER KART,5:3206.01.2024,77.192,5:32pm @ 06/01/2024,Lakeside Track,5:32pm,2024-01-06
5:32,06.01.2024,josh.kolappillil,2,00:38.799,SUPER KART,5:3206.01.2024,38.799,5:32pm @ 06/01/2024,Lakeside Track,5:32pm,2024-01-06
5:32,06.01.2024,josh.kolappillil,3,00:37.981,SUPER KART,5:3206.01.2024,37.981,5:32pm @ 06/01/2024,Lakeside Track,5:32pm,2024-01-06
5:32,06.01.2024,josh.kolappillil,4,00:36.622,SUPER KART,5:3206.01.2024,36.622,5:32pm @ 06/01/2024,Lakeside Track,5:32pm,2024-01-06
5:32,06.01.2024,josh.kolappillil,5,00:36.223,SUPER KART,5:3206.01.2024,36.223,5:32pm @ 06/01/2024,Lakeside Track,5:32pm,2024-01-06
5:32,06.01.2024,josh.kolappillil,6,00:37.662,SUPER KART,5:3206.01.2024,37.662,5:32pm @ 06/01/2024,Lakeside Track,5:32pm,2024-01-06
5:32,06.01.2024,josh.kolappillil,7,00:38.632,SUPER KART,5:3206.01.2024,38.632,5:32pm @ 06/01/2024,Lakeside Track,5:32pm,2024-01-06
5:32,06.01.2024,josh.kolappillil,8,00:43.536,SUPER KART,5:3206.01.2024,43.536,5:32pm @ 06/01/2024,Lakeside Track,5:32pm,2024-01-06
5:32,06.01.2024,josh.kolappillil,9,00:36.304,SUPER KART,5:3206.01.2024,36.304,5:32pm @ 06/01/2024,Lakeside Track,5:32pm,2024-01-06
5:32,06.01.2024,josh.kolappillil,10,00:36.939,SUPER KART,5:3206.01.2024,36.939,5:32pm @ 06/01/2024,Lakeside Track,5:32pm,2024-01-06
5:32,06.01.2024,josh.kolappillil,11,00:37.450,SUPER KART,5:3206.01.2024,37.45,5:32pm @ 06/01/2024,Lakeside Track,5:32pm,2024-01-06
5:32,06.01.2024,josh.kolappillil,12,00:36.987,SUPER KART,5:3206.01.2024,36.987,5:32pm @ 06/01/2024,Lakeside Track,5:32pm,2024-01-06
5:32,06.01.2024,josh.kolappillil,13,00:36.152,SUPER KART,5:3206.01.2024,36.152,5:32pm @ 06/01/2024,Lakeside Track,5:32pm,2024-01-06
5:32,06.01.2024,josh.kolappillil,14,00:37.076,SUPER KART,5:3206.01.2024,37.076,5:32pm @ 06/01/2024,Lakeside Track,5:32pm,2024-01-06
5:32,06.01.2024,darian.king,1,01:17.775,SUPER KART,5:3206.01.2024,77.775,5:32pm @ 06/01/2024,Lakeside Track,5:32pm,2024-01-06
5:32,06.01.2024,darian.king,2,00:39.691,SUPER KART,5:3206.01.2024,39.691,5:32pm @ 06/01/2024,Lakeside Track,5:32pm,2024-01-06
5:32,06.01.2024,darian.king,3,00:38.397,SUPER KART,5:3206.01.2024,38.397,5:32pm @ 06/01/2024,Lakeside Track,5:32pm,2024-01-06
5:32,06.01.2024,darian.king,4,00:39.373,SUPER KART,5:3206.01.2024,39.373,5:32pm @ 06/01/2024,Lakeside Track,5:32pm,2024-01-06
5:32,06.01.2024,darian.king,5,00:38.784,SUPER KART,5:3206.01.2024,38.784,5:32pm @ 06/01/2024,Lakeside Track,5:32pm,2024-01-06
5:32,06.01.2024,darian.king,6,00:38.599,SUPER KART,5:3206.01.2024,38.599,5:32pm @ 06/01/2024,Lakeside Track,5:32pm,2024-01-06
5:32,06.01.2024,darian.king,7,00:49.391,SUPER KART,5:3206.01.2024,49.391,5:32pm @ 06/01/2024,Lakeside Track,5:32pm,2024-01-06
5:32,06.01.2024,darian.king,8,00:38.292,SUPER KART,5:3206.01.2024,38.292,5:32pm @ 06/01/2024,Lakeside Track,5:32pm,2024-01-06
5:32,06.01.2024,darian.king,9,00:38.230,SUPER KART,5:3206.01.2024,38.23,5:32pm @ 06/01/2024,Lakeside Track,5:32pm,2024-01-06
5:32,06.01.2024,darian.king,10,00:37.822,SUPER KART,5:3206.01.2024,37.822,5:32pm @ 06/01/2024,Lakeside Track,5:32pm,2024-01-06
5:32,06.01.2024,darian.king,11,00:38.199,SUPER KART,5:3206.01.2024,38.199,5:32pm @ 06/01/2024,Lakeside Track,5:32pm,2024-01-06
5:32,06.01.2024,darian.king,12,00:38.118,SUPER KART,5:3206.01.2024,38.118,5:32pm @ 06/01/2024,Lakeside Track,5:32pm,2024-01-06
5:32,06.01.2024,darian.king,13,00:37.781,SUPER KART,5:3206.01.2024,37.781,5:32pm @ 06/01/2024,Lakeside Track,5:32pm,2024-01-06
5:32,06.01.2024,darian.king,14,00:39.492,SUPER KART,5:3206.01.2024,39.492,5:32pm @ 06/01/2024,Lakeside Track,5:32pm,2024-01-06
5:20,23.11.2023,mitchell.whitten,1,01:18.751,SUPER KART,5:2023.11.2023,78.751,5:20pm @ 23/11/2023,Lakeside Track,5:20pm,2023-11-23
5:20,23.11.2023,mitchell.whitten,2,00:37.641,SUPER KART,5:2023.11.2023,37.641,5:20pm @ 23/11/2023,Lakeside Track,5:20pm,2023-11-23
5:20,23.11.2023,mitchell.whitten,3,00:52.611,SUPER KART,5:2023.11.2023,52.611,5:20pm @ 23/11/2023,Lakeside Track,5:20pm,2023-11-23
5:20,23.11.2023,mitchell.whitten,4,00:37.409,SUPER KART,5:2023.11.2023,37.409,5:20pm @ 23/11/2023,Lakeside Track,5:20pm,2023-11-23
5:20,23.11.2023,mitchell.whitten,5,00:37.373,SUPER KART,5:2023.11.2023,37.373,5:20pm @ 23/11/2023,Lakeside Track,5:20pm,2023-11-23
5:20,23.11.2023,mitchell.whitten,6,00:36.224,SUPER KART,5:2023.11.2023,36.224,5:20pm @ 23/11/2023,Lakeside Track,5:20pm,2023-11-23
5:20,23.11.2023,mitchell.whitten,7,00:35.745,SUPER KART,5:2023.11.2023,35.745,5:20pm @ 23/11/2023,Lakeside Track,5:20pm,2023-11-23
5:20,23.11.2023,mitchell.whitten,8,00:40.859,SUPER KART,5:2023.11.2023,40.859,5:20pm @ 23/11/2023,Lakeside Track,5:20pm,2023-11-23
5:20,23.11.2023,mitchell.whitten,9,00:47.755,SUPER KART,5:2023.11.2023,47.755,5:20pm @ 23/11/2023,Lakeside Track,5:20pm,2023-11-23
5:20,23.11.2023,mitchell.whitten,10,00:41.773,SUPER KART,5:2023.11.2023,41.773,5:20pm @ 23/11/2023,Lakeside Track,5:20pm,2023-11-23
5:20,23.11.2023,mitchell.whitten,11,00:39.783,SUPER KART,5:2023.11.2023,39.783,5:20pm @ 23/11/2023,Lakeside Track,5:20pm,2023-11-23
5:20,23.11.2023,mitchell.whitten,12,00:36.918,SUPER KART,5:2023.11.2023,36.918,5:20pm @ 23/11/2023,Lakeside Track,5:20pm,2023-11-23
5:20,23.11.2023,mitchell.whitten,13,00:35.784,SUPER KART,5:2023.11.2023,35.784,5:20pm @ 23/11/2023,Lakeside Track,5:20pm,2023-11-23
5:20,23.11.2023,mitchell.whitten,14,00:36.363,SUPER KART,5:2023.11.2023,36.363,5:20pm @ 23/11/2023,Lakeside Track,5:20pm,2023-11-23
7:56,16.11.2023,mitchell.whitten,1,01:01.180,SUPER KART,7:5616.11.2023,61.18,7:56pm @ 16/11/2023,Lakeside Track,7:56pm,2023-11-16
7:56,16.11.2023,mitchell.whitten,2,00:39.504,SUPER KART,7:5616.11.2023,39.504,7:56pm @ 16/11/2023,Lakeside Track,7:56pm,2023-11-16
7:56,16.11.2023,mitchell.whitten,3,00:50.512,SUPER KART,7:5616.11.2023,50.512,7:56pm @ 16/11/2023,Lakeside Track,7:56pm,2023-11-16
7:56,16.11.2023,mitchell.whitten,4,00:36.411,SUPER KART,7:5616.11.2023,36.411,7:56pm @ 16/11/2023,Lakeside Track,7:56pm,2023-11-16
7:56,16.11.2023,mitchell.whitten,5,00:36.180,SUPER KART,7:5616.11.2023,36.18,7:56pm @ 16/11/2023,Lakeside Track,7:56pm,2023-11-16
7:56,16.11.2023,mitchell.whitten,6,00:36.713,SUPER KART,7:5616.11.2023,36.713,7:56pm @ 16/11/2023,Lakeside Track,7:56pm,2023-11-16
7:56,16.11.2023,mitchell.whitten,7,00:37.368,SUPER KART,7:5616.11.2023,37.368,7:56pm @ 16/11/2023,Lakeside Track,7:56pm,2023-11-16
7:56,16.11.2023,mitchell.whitten,8,00:45.493,SUPER KART,7:5616.11.2023,45.493,7:56pm @ 16/11/2023,Lakeside Track,7:56pm,2023-11-16
7:56,16.11.2023,mitchell.whitten,9,00:36.206,SUPER KART,7:5616.11.2023,36.206,7:56pm @ 16/11/2023,Lakeside Track,7:56pm,2023-11-16
7:56,16.11.2023,mitchell.whitten,10,00:42.409,SUPER KART,7:5616.11.2023,42.409,7:56pm @ 16/11/2023,Lakeside Track,7:56pm,2023-11-16
7:56,16.11.2023,mitchell.whitten,11,00:37.099,SUPER KART,7:5616.11.2023,37.099,7:56pm @ 16/11/2023,Lakeside Track,7:56pm,2023-11-16
7:56,16.11.2023,mitchell.whitten,12,00:37.560,SUPER KART,7:5616.11.2023,37.56,7:56pm @ 16/11/2023,Lakeside Track,7:56pm,2023-11-16
7:56,16.11.2023,mitchell.whitten,13,00:36.668,SUPER KART,7:5616.11.2023,36.668,7:56pm @ 16/11/2023,Lakeside Track,7:56pm,2023-11-16
7:56,16.11.2023,mitchell.whitten,14,01:24.069,SUPER KART,7:5616.11.2023,84.069,7:56pm @ 16/11/2023,Lakeside Track,7:56pm,2023-11-16
7:56,16.11.2023,mathew.stephen,1,01:03.216,SUPER KART,7:5616.11.2023,63.216,7:56pm @ 16/11/2023,Lakeside Track,7:56pm,2023-11-16
7:56,16.11.2023,mathew.stephen,2,00:40.026,SUPER KART,7:5616.11.2023,40.026,7:56pm @ 16/11/2023,Lakeside Track,7:56pm,2023-11-16
7:56,16.11.2023,mathew.stephen,3,00:52.802,SUPER KART,7:5616.11.2023,52.802,7:56pm @ 16/11/2023,Lakeside Track,7:56pm,2023-11-16
7:56,16.11.2023,mathew.stephen,4,00:37.886,SUPER KART,7:5616.11.2023,37.886,7:56pm @ 16/11/2023,Lakeside Track,7:56pm,2023-11-16
7:56,16.11.2023,mathew.stephen,5,00:37.306,SUPER KART,7:5616.11.2023,37.306,7:56pm @ 16/11/2023,Lakeside Track,7:56pm,2023-11-16
7:56,16.11.2023,mathew.stephen,6,00:36.658,SUPER KART,7:5616.11.2023,36.658,7:56pm @ 16/11/2023,Lakeside Track,7:56pm,2023-11-16
7:56,16.11.2023,mathew.stephen,7,00:37.035,SUPER KART,7:5616.11.2023,37.035,7:56pm @ 16/11/2023,Lakeside Track,7:56pm,2023-11-16
7:56,16.11.2023,mathew.stephen,8,00:49.473,SUPER KART,7:5616.11.2023,49.473,7:56pm @ 16/11/2023,Lakeside Track,7:56pm,2023-11-16
7:56,16.11.2023,mathew.stephen,9,00:49.997,SUPER KART,7:5616.11.2023,49.997,7:56pm @ 16/11/2023,Lakeside Track,7:56pm,2023-11-16
7:56,16.11.2023,mathew.stephen,10,00:36.967,SUPER KART,7:5616.11.2023,36.967,7:56pm @ 16/11/2023,Lakeside Track,7:56pm,2023-11-16
7:56,16.11.2023,mathew.stephen,11,00:37.583,SUPER KART,7:5616.11.2023,37.583,7:56pm @ 16/11/2023,Lakeside Track,7:56pm,2023-11-16
7:56,16.11.2023,mathew.stephen,12,00:39.413,SUPER KART,7:5616.11.2023,39.413,7:56pm @ 16/11/2023,Lakeside Track,7:56pm,2023-11-16
7:56,16.11.2023,mathew.stephen,13,00:37.068,SUPER KART,7:5616.11.2023,37.068,7:56pm @ 16/11/2023,Lakeside Track,7:56pm,2023-11-16
7:56,16.11.2023,mathew.stephen,14,01:00.526,SUPER KART,7:5616.11.2023,60.526,7:56pm @ 16/11/2023,Lakeside Track,7:56pm,2023-11-16
6:45,16.11.2023,mitchell.whitten,1,01:44.109,SUPER KART,6:4516.11.2023,104.109,6:45pm @ 16/11/2023,Lakeside Track,6:45pm,2023-11-16
6:45,16.11.2023,mitchell.whitten,2,01:01.018,SUPER KART,6:4516.11.2023,61.018,6:45pm @ 16/11/2023,Lakeside Track,6:45pm,2023-11-16
6:45,16.11.2023,mitchell.whitten,3,00:37.329,SUPER KART,6:4516.11.2023,37.329,6:45pm @ 16/11/2023,Lakeside Track,6:45pm,2023-11-16
6:45,16.11.2023,mitchell.whitten,4,00:37.892,SUPER KART,6:4516.11.2023,37.892,6:45pm @ 16/11/2023,Lakeside Track,6:45pm,2023-11-16
6:45,16.11.2023,mitchell.whitten,5,00:36.229,SUPER KART,6:4516.11.2023,36.229,6:45pm @ 16/11/2023,Lakeside Track,6:45pm,2023-11-16
6:45,16.11.2023,mitchell.whitten,6,00:36.250,SUPER KART,6:4516.11.2023,36.25,6:45pm @ 16/11/2023,Lakeside Track,6:45pm,2023-11-16
6:45,16.11.2023,mitchell.whitten,7,00:36.061,SUPER KART,6:4516.11.2023,36.061,6:45pm @ 16/11/2023,Lakeside Track,6:45pm,2023-11-16
6:45,16.11.2023,mitchell.whitten,8,00:36.465,SUPER KART,6:4516.11.2023,36.465,6:45pm @ 16/11/2023,Lakeside Track,6:45pm,2023-11-16
6:45,16.11.2023,mitchell.whitten,9,00:40.149,SUPER KART,6:4516.11.2023,40.149,6:45pm @ 16/11/2023,Lakeside Track,6:45pm,2023-11-16
6:45,16.11.2023,mitchell.whitten,10,00:36.746,SUPER KART,6:4516.11.2023,36.746,6:45pm @ 16/11/2023,Lakeside Track,6:45pm,2023-11-16
6:45,16.11.2023,mitchell.whitten,11,00:38.545,SUPER KART,6:4516.11.2023,38.545,6:45pm @ 16/11/2023,Lakeside Track,6:45pm,2023-11-16
6:45,16.11.2023,mitchell.whitten,12,00:37.402,SUPER KART,6:4516.11.2023,37.402,6:45pm @ 16/11/2023,Lakeside Track,6:45pm,2023-11-16
6:45,16.11.2023,mitchell.whitten,13,00:41.934,SUPER KART,6:4516.11.2023,41.934,6:45pm @ 16/11/2023,Lakeside Track,6:45pm,2023-11-16
6:45,16.11.2023,mitchell.whitten,14,00:37.466,SUPER KART,6:4516.11.2023,37.466,6:45pm @ 16/11/2023,Lakeside Track,6:45pm,2023-11-16
6:45,16.11.2023,mathew.stephen,1,01:44.739,SUPER KART,6:4516.11.2023,104.739,6:45pm @ 16/11/2023,Lakeside Track,6:45pm,2023-11-16
6:45,16.11.2023,mathew.stephen,2,01:02.602,SUPER KART,6:4516.11.2023,62.602,6:45pm @ 16/11/2023,Lakeside Track,6:45pm,2023-11-16
6:45,16.11.2023,mathew.stephen,3,00:39.920,SUPER KART,6:4516.11.2023,39.92,6:45pm @ 16/11/2023,Lakeside Track,6:45pm,2023-11-16
6:45,16.11.2023,mathew.stephen,4,00:39.831,SUPER KART,6:4516.11.2023,39.831,6:45pm @ 16/11/2023,Lakeside Track,6:45pm,2023-11-16
6:45,16.11.2023,mathew.stephen,5,00:36.948,SUPER KART,6:4516.11.2023,36.948,6:45pm @ 16/11/2023,Lakeside Track,6:45pm,2023-11-16
6:45,16.11.2023,mathew.stephen,6,00:36.854,SUPER KART,6:4516.11.2023,36.854,6:45pm @ 16/11/2023,Lakeside Track,6:45pm,2023-11-16
6:45,16.11.2023,mathew.stephen,7,00:37.247,SUPER KART,6:4516.11.2023,37.247,6:45pm @ 16/11/2023,Lakeside Track,6:45pm,2023-11-16
6:45,16.11.2023,mathew.stephen,8,00:37.180,SUPER KART,6:4516.11.2023,37.18,6:45pm @ 16/11/2023,Lakeside Track,6:45pm,2023-11-16
6:45,16.11.2023,mathew.stephen,9,00:38.700,SUPER KART,6:4516.11.2023,38.7,6:45pm @ 16/11/2023,Lakeside Track,6:45pm,2023-11-16
6:45,16.11.2023,mathew.stephen,10,00:39.565,SUPER KART,6:4516.11.2023,39.565,6:45pm @ 16/11/2023,Lakeside Track,6:45pm,2023-11-16
6:45,16.11.2023,mathew.stephen,11,00:39.999,SUPER KART,6:4516.11.2023,39.999,6:45pm @ 16/11/2023,Lakeside Track,6:45pm,2023-11-16
6:45,16.11.2023,mathew.stephen,12,00:36.464,SUPER KART,6:4516.11.2023,36.464,6:45pm @ 16/11/2023,Lakeside Track,6:45pm,2023-11-16
6:45,16.11.2023,mathew.stephen,13,00:42.446,SUPER KART,6:4516.11.2023,42.446,6:45pm @ 16/11/2023,Lakeside Track,6:45pm,2023-11-16
6:45,16.11.2023,mathew.stephen,14,00:36.770,SUPER KART,6:4516.11.2023,36.77,6:45pm @ 16/11/2023,Lakeside Track,6:45pm,2023-11-16
6:45,16.11.2023,noah.thomson.4,1,01:42.689,SUPER KART,6:4516.11.2023,102.689,6:45pm @ 16/11/2023,Lakeside Track,6:45pm,2023-11-16
6:45,16.11.2023,noah.thomson.4,2,01:00.799,SUPER KART,6:4516.11.2023,60.799,6:45pm @ 16/11/2023,Lakeside Track,6:45pm,2023-11-16
6:45,16.11.2023,noah.thomson.4,3,00:38.685,SUPER KART,6:4516.11.2023,38.685,6:45pm @ 16/11/2023,Lakeside Track,6:45pm,2023-11-16
6:45,16.11.2023,noah.thomson.4,4,00:37.818,SUPER KART,6:4516.11.2023,37.818,6:45pm @ 16/11/2023,Lakeside Track,6:45pm,2023-11-16
6:45,16.11.2023,noah.thomson.4,5,00:36.915,SUPER KART,6:4516.11.2023,36.915,6:45pm @ 16/11/2023,Lakeside Track,6:45pm,2023-11-16
6:45,16.11.2023,noah.thomson.4,6,00:37.318,SUPER KART,6:4516.11.2023,37.318,6:45pm @ 16/11/2023,Lakeside Track,6:45pm,2023-11-16
6:45,16.11.2023,noah.thomson.4,7,00:38.652,SUPER KART,6:4516.11.2023,38.652,6:45pm @ 16/11/2023,Lakeside Track,6:45pm,2023-11-16
6:45,16.11.2023,noah.thomson.4,8,00:37.742,SUPER KART,6:4516.11.2023,37.742,6:45pm @ 16/11/2023,Lakeside Track,6:45pm,2023-11-16
6:45,16.11.2023,noah.thomson.4,9,00:38.743,SUPER KART,6:4516.11.2023,38.743,6:45pm @ 16/11/2023,Lakeside Track,6:45pm,2023-11-16
6:45,16.11.2023,noah.thomson.4,10,00:39.597,SUPER KART,6:4516.11.2023,39.597,6:45pm @ 16/11/2023,Lakeside Track,6:45pm,2023-11-16
6:45,16.11.2023,noah.thomson.4,11,00:45.215,SUPER KART,6:4516.11.2023,45.215,6:45pm @ 16/11/2023,Lakeside Track,6:45pm,2023-11-16
6:45,16.11.2023,noah.thomson.4,12,00:43.412,SUPER KART,6:4516.11.2023,43.412,6:45pm @ 16/11/2023,Lakeside Track,6:45pm,2023-11-16
6:45,16.11.2023,noah.thomson.4,13,00:38.015,SUPER KART,6:4516.11.2023,38.015,6:45pm @ 16/11/2023,Lakeside Track,6:45pm,2023-11-16
6:45,16.11.2023,noah.thomson.4,14,00:37.817,SUPER KART,6:4516.11.2023,37.817,6:45pm @ 16/11/2023,Lakeside Track,6:45pm,2023-11-16
6:45,16.11.2023,josh.kolappillil,1,01:43.585,SUPER KART,6:4516.11.2023,103.585,6:45pm @ 16/11/2023,Lakeside Track,6:45pm,2023-11-16
6:45,16.11.2023,josh.kolappillil,2,00:58.868,SUPER KART,6:4516.11.2023,58.868,6:45pm @ 16/11/2023,Lakeside Track,6:45pm,2023-11-16
6:45,16.11.2023,josh.kolappillil,3,00:36.400,SUPER KART,6:4516.11.2023,36.4,6:45pm @ 16/11/2023,Lakeside Track,6:45pm,2023-11-16
6:45,16.11.2023,josh.kolappillil,4,00:37.164,SUPER KART,6:4516.11.2023,37.164,6:45pm @ 16/11/2023,Lakeside Track,6:45pm,2023-11-16
6:45,16.11.2023,josh.kolappillil,5,00:36.147,SUPER KART,6:4516.11.2023,36.147,6:45pm @ 16/11/2023,Lakeside Track,6:45pm,2023-11-16
6:45,16.11.2023,josh.kolappillil,6,00:36.496,SUPER KART,6:4516.11.2023,36.496,6:45pm @ 16/11/2023,Lakeside Track,6:45pm,2023-11-16
6:45,16.11.2023,josh.kolappillil,7,00:36.691,SUPER KART,6:4516.11.2023,36.691,6:45pm @ 16/11/2023,Lakeside Track,6:45pm,2023-11-16
6:45,16.11.2023,josh.kolappillil,8,00:36.631,SUPER KART,6:4516.11.2023,36.631,6:45pm @ 16/11/2023,Lakeside Track,6:45pm,2023-11-16
6:45,16.11.2023,josh.kolappillil,9,00:37.878,SUPER KART,6:4516.11.2023,37.878,6:45pm @ 16/11/2023,Lakeside Track,6:45pm,2023-11-16
6:45,16.11.2023,josh.kolappillil,10,00:38.219,SUPER KART,6:4516.11.2023,38.219,6:45pm @ 16/11/2023,Lakeside Track,6:45pm,2023-11-16
6:45,16.11.2023,josh.kolappillil,11,00:40.735,SUPER KART,6:4516.11.2023,40.735,6:45pm @ 16/11/2023,Lakeside Track,6:45pm,2023-11-16
6:45,16.11.2023,josh.kolappillil,12,00:36.885,SUPER KART,6:4516.11.2023,36.885,6:45pm @ 16/11/2023,Lakeside Track,6:45pm,2023-11-16
6:45,16.11.2023,josh.kolappillil,13,00:42.556,SUPER KART,6:4516.11.2023,42.556,6:45pm @ 16/11/2023,Lakeside Track,6:45pm,2023-11-16
6:45,16.11.2023,josh.kolappillil,14,00:36.780,SUPER KART,6:4516.11.2023,36.78,6:45pm @ 16/11/2023,Lakeside Track,6:45pm,2023-11-16
6:45,16.11.2023,darian.king,1,01:42.911,SUPER KART,6:4516.11.2023,102.911,6:45pm @ 16/11/2023,Lakeside Track,6:45pm,2023-11-16
6:45,16.11.2023,darian.king,2,00:58.390,SUPER KART,6:4516.11.2023,58.39,6:45pm @ 16/11/2023,Lakeside Track,6:45pm,2023-11-16
6:45,16.11.2023,darian.king,3,00:38.017,SUPER KART,6:4516.11.2023,38.017,6:45pm @ 16/11/2023,Lakeside Track,6:45pm,2023-11-16
6:45,16.11.2023,darian.king,4,00:38.016,SUPER KART,6:4516.11.2023,38.016,6:45pm @ 16/11/2023,Lakeside Track,6:45pm,2023-11-16
6:45,16.11.2023,darian.king,5,00:36.991,SUPER KART,6:4516.11.2023,36.991,6:45pm @ 16/11/2023,Lakeside Track,6:45pm,2023-11-16
6:45,16.11.2023,darian.king,6,00:37.741,SUPER KART,6:4516.11.2023,37.741,6:45pm @ 16/11/2023,Lakeside Track,6:45pm,2023-11-16
6:45,16.11.2023,darian.king,7,00:38.145,SUPER KART,6:4516.11.2023,38.145,6:45pm @ 16/11/2023,Lakeside Track,6:45pm,2023-11-16
6:45,16.11.2023,darian.king,8,00:38.745,SUPER KART,6:4516.11.2023,38.745,6:45pm @ 16/11/2023,Lakeside Track,6:45pm,2023-11-16
6:45,16.11.2023,darian.king,9,00:39.408,SUPER KART,6:4516.11.2023,39.408,6:45pm @ 16/11/2023,Lakeside Track,6:45pm,2023-11-16
6:45,16.11.2023,darian.king,10,00:39.075,SUPER KART,6:4516.11.2023,39.075,6:45pm @ 16/11/2023,Lakeside Track,6:45pm,2023-11-16
6:45,16.11.2023,darian.king,11,00:55.032,SUPER KART,6:4516.11.2023,55.032,6:45pm @ 16/11/2023,Lakeside Track,6:45pm,2023-11-16
6:45,16.11.2023,darian.king,12,00:39.885,SUPER KART,6:4516.11.2023,39.885,6:45pm @ 16/11/2023,Lakeside Track,6:45pm,2023-11-16
6:45,16.11.2023,darian.king,13,00:40.647,SUPER KART,6:4516.11.2023,40.647,6:45pm @ 16/11/2023,Lakeside Track,6:45pm,2023-11-16
6:45,16.11.2023,darian.king,14,00:39.093,SUPER KART,6:4516.11.2023,39.093,6:45pm @ 16/11/2023,Lakeside Track,6:45pm,2023-11-16
5:12,16.11.2023,mitchell.whitten,1,01:34.115,SUPER KART,5:1216.11.2023,94.115,5:12pm @ 16/11/2023,Lakeside Track,5:12pm,2023-11-16
5:12,16.11.2023,mitchell.whitten,2,00:39.506,SUPER KART,5:1216.11.2023,39.506,5:12pm @ 16/11/2023,Lakeside Track,5:12pm,2023-11-16
5:12,16.11.2023,mitchell.whitten,3,00:39.513,SUPER KART,5:1216.11.2023,39.513,5:12pm @ 16/11/2023,Lakeside Track,5:12pm,2023-11-16
5:12,16.11.2023,mitchell.whitten,4,00:36.707,SUPER KART,5:1216.11.2023,36.707,5:12pm @ 16/11/2023,Lakeside Track,5:12pm,2023-11-16
5:12,16.11.2023,mitchell.whitten,5,00:37.801,SUPER KART,5:1216.11.2023,37.801,5:12pm @ 16/11/2023,Lakeside Track,5:12pm,2023-11-16
5:12,16.11.2023,mitchell.whitten,6,00:41.517,SUPER KART,5:1216.11.2023,41.517,5:12pm @ 16/11/2023,Lakeside Track,5:12pm,2023-11-16
5:12,16.11.2023,mitchell.whitten,7,00:40.032,SUPER KART,5:1216.11.2023,40.032,5:12pm @ 16/11/2023,Lakeside Track,5:12pm,2023-11-16
5:12,16.11.2023,mitchell.whitten,8,00:40.173,SUPER KART,5:1216.11.2023,40.173,5:12pm @ 16/11/2023,Lakeside Track,5:12pm,2023-11-16
5:12,16.11.2023,mitchell.whitten,9,00:36.293,SUPER KART,5:1216.11.2023,36.293,5:12pm @ 16/11/2023,Lakeside Track,5:12pm,2023-11-16
5:12,16.11.2023,mitchell.whitten,10,00:36.419,SUPER KART,5:1216.11.2023,36.419,5:12pm @ 16/11/2023,Lakeside Track,5:12pm,2023-11-16
5:12,16.11.2023,mitchell.whitten,11,00:35.768,SUPER KART,5:1216.11.2023,35.768,5:12pm @ 16/11/2023,Lakeside Track,5:12pm,2023-11-16
5:12,16.11.2023,mitchell.whitten,12,00:40.132,SUPER KART,5:1216.11.2023,40.132,5:12pm @ 16/11/2023,Lakeside Track,5:12pm,2023-11-16
5:12,16.11.2023,mitchell.whitten,13,00:35.905,SUPER KART,5:1216.11.2023,35.905,5:12pm @ 16/11/2023,Lakeside Track,5:12pm,2023-11-16
5:12,16.11.2023,mitchell.whitten,14,00:35.885,SUPER KART,5:1216.11.2023,35.885,5:12pm @ 16/11/2023,Lakeside Track,5:12pm,2023-11-16
5:12,16.11.2023,mathew.stephen,1,01:34.064,SUPER KART,5:1216.11.2023,94.064,5:12pm @ 16/11/2023,Lakeside Track,5:12pm,2023-11-16
5:12,16.11.2023,mathew.stephen,2,00:41.820,SUPER KART,5:1216.11.2023,41.82,5:12pm @ 16/11/2023,Lakeside Track,5:12pm,2023-11-16
5:12,16.11.2023,mathew.stephen,3,00:41.632,SUPER KART,5:1216.11.2023,41.632,5:12pm @ 16/11/2023,Lakeside Track,5:12pm,2023-11-16
5:12,16.11.2023,mathew.stephen,4,00:40.079,SUPER KART,5:1216.11.2023,40.079,5:12pm @ 16/11/2023,Lakeside Track,5:12pm,2023-11-16
5:12,16.11.2023,mathew.stephen,5,00:39.296,SUPER KART,5:1216.11.2023,39.296,5:12pm @ 16/11/2023,Lakeside Track,5:12pm,2023-11-16
5:12,16.11.2023,mathew.stephen,6,00:39.569,SUPER KART,5:1216.11.2023,39.569,5:12pm @ 16/11/2023,Lakeside Track,5:12pm,2023-11-16
5:12,16.11.2023,mathew.stephen,7,00:39.161,SUPER KART,5:1216.11.2023,39.161,5:12pm @ 16/11/2023,Lakeside Track,5:12pm,2023-11-16
5:12,16.11.2023,mathew.stephen,8,00:37.581,SUPER KART,5:1216.11.2023,37.581,5:12pm @ 16/11/2023,Lakeside Track,5:12pm,2023-11-16
5:12,16.11.2023,mathew.stephen,9,00:36.899,SUPER KART,5:1216.11.2023,36.899,5:12pm @ 16/11/2023,Lakeside Track,5:12pm,2023-11-16
5:12,16.11.2023,mathew.stephen,10,00:37.440,SUPER KART,5:1216.11.2023,37.44,5:12pm @ 16/11/2023,Lakeside Track,5:12pm,2023-11-16
5:12,16.11.2023,mathew.stephen,11,00:37.391,SUPER KART,5:1216.11.2023,37.391,5:12pm @ 16/11/2023,Lakeside Track,5:12pm,2023-11-16
5:12,16.11.2023,mathew.stephen,12,00:46.985,SUPER KART,5:1216.11.2023,46.985,5:12pm @ 16/11/2023,Lakeside Track,5:12pm,2023-11-16
5:12,16.11.2023,mathew.stephen,13,00:38.675,SUPER KART,5:1216.11.2023,38.675,5:12pm @ 16/11/2023,Lakeside Track,5:12pm,2023-11-16
5:12,16.11.2023,mathew.stephen,14,00:45.940,SUPER KART,5:1216.11.2023,45.94,5:12pm @ 16/11/2023,Lakeside Track,5:12pm,2023-11-16
5:12,16.11.2023,noah.thomson.4,1,01:35.303,SUPER KART,5:1216.11.2023,95.303,5:12pm @ 16/11/2023,Lakeside Track,5:12pm,2023-11-16
5:12,16.11.2023,noah.thomson.4,2,00:42.075,SUPER KART,5:1216.11.2023,42.075,5:12pm @ 16/11/2023,Lakeside Track,5:12pm,2023-11-16
5:12,16.11.2023,noah.thomson.4,3,00:39.387,SUPER KART,5:1216.11.2023,39.387,5:12pm @ 16/11/2023,Lakeside Track,5:12pm,2023-11-16
5:12,16.11.2023,noah.thomson.4,4,00:37.799,SUPER KART,5:1216.11.2023,37.799,5:12pm @ 16/11/2023,Lakeside Track,5:12pm,2023-11-16
5:12,16.11.2023,noah.thomson.4,5,00:38.167,SUPER KART,5:1216.11.2023,38.167,5:12pm @ 16/11/2023,Lakeside Track,5:12pm,2023-11-16
5:12,16.11.2023,noah.thomson.4,6,00:36.783,SUPER KART,5:1216.11.2023,36.783,5:12pm @ 16/11/2023,Lakeside Track,5:12pm,2023-11-16
5:12,16.11.2023,noah.thomson.4,7,00:37.166,SUPER KART,5:1216.11.2023,37.166,5:12pm @ 16/11/2023,Lakeside Track,5:12pm,2023-11-16
5:12,16.11.2023,noah.thomson.4,8,00:36.815,SUPER KART,5:1216.11.2023,36.815,5:12pm @ 16/11/2023,Lakeside Track,5:12pm,2023-11-16
5:12,16.11.2023,noah.thomson.4,9,00:37.102,SUPER KART,5:1216.11.2023,37.102,5:12pm @ 16/11/2023,Lakeside Track,5:12pm,2023-11-16
5:12,16.11.2023,noah.thomson.4,10,00:36.567,SUPER KART,5:1216.11.2023,36.567,5:12pm @ 16/11/2023,Lakeside Track,5:12pm,2023-11-16
5:12,16.11.2023,noah.thomson.4,11,00:43.162,SUPER KART,5:1216.11.2023,43.162,5:12pm @ 16/11/2023,Lakeside Track,5:12pm,2023-11-16
5:12,16.11.2023,noah.thomson.4,12,00:37.807,SUPER KART,5:1216.11.2023,37.807,5:12pm @ 16/11/2023,Lakeside Track,5:12pm,2023-11-16
5:12,16.11.2023,noah.thomson.4,13,00:36.419,SUPER KART,5:1216.11.2023,36.419,5:12pm @ 16/11/2023,Lakeside Track,5:12pm,2023-11-16
5:12,16.11.2023,noah.thomson.4,14,00:38.122,SUPER KART,5:1216.11.2023,38.122,5:12pm @ 16/11/2023,Lakeside Track,5:12pm,2023-11-16
5:12,16.11.2023,josh.kolappillil,1,01:32.152,SUPER KART,5:1216.11.2023,92.152,5:12pm @ 16/11/2023,Lakeside Track,5:12pm,2023-11-16
5:12,16.11.2023,josh.kolappillil,2,00:38.266,SUPER KART,5:1216.11.2023,38.266,5:12pm @ 16/11/2023,Lakeside Track,5:12pm,2023-11-16
5:12,16.11.2023,josh.kolappillil,3,00:37.371,SUPER KART,5:1216.11.2023,37.371,5:12pm @ 16/11/2023,Lakeside Track,5:12pm,2023-11-16
5:12,16.11.2023,josh.kolappillil,4,00:37.275,SUPER KART,5:1216.11.2023,37.275,5:12pm @ 16/11/2023,Lakeside Track,5:12pm,2023-11-16
5:12,16.11.2023,josh.kolappillil,5,00:37.296,SUPER KART,5:1216.11.2023,37.296,5:12pm @ 16/11/2023,Lakeside Track,5:12pm,2023-11-16
5:12,16.11.2023,josh.kolappillil,6,00:37.200,SUPER KART,5:1216.11.2023,37.2,5:12pm @ 16/11/2023,Lakeside Track,5:12pm,2023-11-16
5:12,16.11.2023,josh.kolappillil,7,00:37.833,SUPER KART,5:1216.11.2023,37.833,5:12pm @ 16/11/2023,Lakeside Track,5:12pm,2023-11-16
5:12,16.11.2023,josh.kolappillil,8,00:37.460,SUPER KART,5:1216.11.2023,37.46,5:12pm @ 16/11/2023,Lakeside Track,5:12pm,2023-11-16
5:12,16.11.2023,josh.kolappillil,9,00:36.526,SUPER KART,5:1216.11.2023,36.526,5:12pm @ 16/11/2023,Lakeside Track,5:12pm,2023-11-16
5:12,16.11.2023,josh.kolappillil,10,00:37.641,SUPER KART,5:1216.11.2023,37.641,5:12pm @ 16/11/2023,Lakeside Track,5:12pm,2023-11-16
5:12,16.11.2023,josh.kolappillil,11,00:36.529,SUPER KART,5:1216.11.2023,36.529,5:12pm @ 16/11/2023,Lakeside Track,5:12pm,2023-11-16
5:12,16.11.2023,josh.kolappillil,12,00:38.702,SUPER KART,5:1216.11.2023,38.702,5:12pm @ 16/11/2023,Lakeside Track,5:12pm,2023-11-16
5:12,16.11.2023,josh.kolappillil,13,00:36.293,SUPER KART,5:1216.11.2023,36.293,5:12pm @ 16/11/2023,Lakeside Track,5:12pm,2023-11-16
5:12,16.11.2023,josh.kolappillil,14,00:36.446,SUPER KART,5:1216.11.2023,36.446,5:12pm @ 16/11/2023,Lakeside Track,5:12pm,2023-11-16
5:12,16.11.2023,darian.king,1,01:35.775,SUPER KART,5:1216.11.2023,95.775,5:12pm @ 16/11/2023,Lakeside Track,5:12pm,2023-11-16
5:12,16.11.2023,darian.king,2,00:43.504,SUPER KART,5:1216.11.2023,43.504,5:12pm @ 16/11/2023,Lakeside Track,5:12pm,2023-11-16
5:12,16.11.2023,darian.king,3,00:41.815,SUPER KART,5:1216.11.2023,41.815,5:12pm @ 16/11/2023,Lakeside Track,5:12pm,2023-11-16
5:12,16.11.2023,darian.king,4,00:40.015,SUPER KART,5:1216.11.2023,40.015,5:12pm @ 16/11/2023,Lakeside Track,5:12pm,2023-11-16
5:12,16.11.2023,darian.king,5,00:39.329,SUPER KART,5:1216.11.2023,39.329,5:12pm @ 16/11/2023,Lakeside Track,5:12pm,2023-11-16
5:12,16.11.2023,darian.king,6,00:39.719,SUPER KART,5:1216.11.2023,39.719,5:12pm @ 16/11/2023,Lakeside Track,5:12pm,2023-11-16
5:12,16.11.2023,darian.king,7,00:38.909,SUPER KART,5:1216.11.2023,38.909,5:12pm @ 16/11/2023,Lakeside Track,5:12pm,2023-11-16
5:12,16.11.2023,darian.king,8,00:38.924,SUPER KART,5:1216.11.2023,38.924,5:12pm @ 16/11/2023,Lakeside Track,5:12pm,2023-11-16
5:12,16.11.2023,darian.king,9,00:38.922,SUPER KART,5:1216.11.2023,38.922,5:12pm @ 16/11/2023,Lakeside Track,5:12pm,2023-11-16
5:12,16.11.2023,darian.king,10,00:38.893,SUPER KART,5:1216.11.2023,38.893,5:12pm @ 16/11/2023,Lakeside Track,5:12pm,2023-11-16
5:12,16.11.2023,darian.king,11,00:40.677,SUPER KART,5:1216.11.2023,40.677,5:12pm @ 16/11/2023,Lakeside Track,5:12pm,2023-11-16
5:12,16.11.2023,darian.king,12,00:39.268,SUPER KART,5:1216.11.2023,39.268,5:12pm @ 16/11/2023,Lakeside Track,5:12pm,2023-11-16
5:12,16.11.2023,darian.king,13,00:38.254,SUPER KART,5:1216.11.2023,38.254,5:12pm @ 16/11/2023,Lakeside Track,5:12pm,2023-11-16
5:12,16.11.2023,darian.king,14,00:40.071,SUPER KART,5:1216.11.2023,40.071,5:12pm @ 16/11/2023,Lakeside Track,5:12pm,2023-11-16
0:21,11.11.2023,mitchell.whitten,1,01:29.329,SPRINT КАРТС,0:2111.11.2023,89.329,0:21pm @ 11/11/2023,Penrite Track,0:21pm,2023-11-11
0:21,11.11.2023,mitchell.whitten,2,00:43.299,SPRINT КАРТС,0:2111.11.2023,43.299,0:21pm @ 11/11/2023,Penrite Track,0:21pm,2023-11-11
0:21,11.11.2023,mitchell.whitten,3,00:50.799,SPRINT КАРТС,0:2111.11.2023,50.799,0:21pm @ 11/11/2023,Penrite Track,0:21pm,2023-11-11
0:21,11.11.2023,mitchell.whitten,4,00:40.149,SPRINT КАРТС,0:2111.11.2023,40.149,0:21pm @ 11/11/2023,Penrite Track,0:21pm,2023-11-11
0:21,11.11.2023,mitchell.whitten,5,01:05.574,SPRINT КАРТС,0:2111.11.2023,65.574,0:21pm @ 11/11/2023,Penrite Track,0:21pm,2023-11-11
0:21,11.11.2023,mitchell.whitten,6,00:39.238,SPRINT КАРТС,0:2111.11.2023,39.238,0:21pm @ 11/11/2023,Penrite Track,0:21pm,2023-11-11
0:21,11.11.2023,mitchell.whitten,7,00:57.300,SPRINT КАРТС,0:2111.11.2023,57.3,0:21pm @ 11/11/2023,Penrite Track,0:21pm,2023-11-11
0:21,11.11.2023,mitchell.whitten,8,01:13.358,SPRINT КАРТС,0:2111.11.2023,73.358,0:21pm @ 11/11/2023,Penrite Track,0:21pm,2023-11-11
0:21,11.11.2023,mitchell.whitten,9,00:39.274,SPRINT КАРТС,0:2111.11.2023,39.274,0:21pm @ 11/11/2023,Penrite Track,0:21pm,2023-11-11
0:21,11.11.2023,mitchell.whitten,10,00:38.333,SPRINT КАРТС,0:2111.11.2023,38.333,0:21pm @ 11/11/2023,Penrite Track,0:21pm,2023-11-11
0:21,11.11.2023,mitchell.whitten,11,00:38.011,SPRINT КАРТС,0:2111.11.2023,38.011,0:21pm @ 11/11/2023,Penrite Track,0:21pm,2023-11-11
0:21,11.11.2023,mitchell.whitten,12,00:49.316,SPRINT КАРТС,0:2111.11.2023,49.316,0:21pm @ 11/11/2023,Penrite Track,0:21pm,2023-11-11
0:21,11.11.2023,mitchell.whitten,13,00:42.503,SPRINT КАРТС,0:2111.11.2023,42.503,0:21pm @ 11/11/2023,Penrite Track,0:21pm,2023-11-11
0:21,11.11.2023,mitchell.whitten,14,00:37.744,SPRINT КАРТС,0:2111.11.2023,37.744,0:21pm @ 11/11/2023,Penrite Track,0:21pm,2023-11-11
0:21,11.11.2023,noah.thomson.4,1,01:32.178,SPRINT КАРТС,0:2111.11.2023,92.178,0:21pm @ 11/11/2023,Penrite Track,0:21pm,2023-11-11
0:21,11.11.2023,noah.thomson.4,2,00:44.856,SPRINT КАРТС,0:2111.11.2023,44.856,0:21pm @ 11/11/2023,Penrite Track,0:21pm,2023-11-11
0:21,11.11.2023,noah.thomson.4,3,00:50.184,SPRINT КАРТС,0:2111.11.2023,50.184,0:21pm @ 11/11/2023,Penrite Track,0:21pm,2023-11-11
0:21,11.11.2023,noah.thomson.4,4,00:43.239,SPRINT КАРТС,0:2111.11.2023,43.239,0:21pm @ 11/11/2023,Penrite Track,0:21pm,2023-11-11
0:21,11.11.2023,noah.thomson.4,5,01:03.073,SPRINT КАРТС,0:2111.11.2023,63.073,0:21pm @ 11/11/2023,Penrite Track,0:21pm,2023-11-11
0:21,11.11.2023,noah.thomson.4,6,00:39.859,SPRINT КАРТС,0:2111.11.2023,39.859,0:21pm @ 11/11/2023,Penrite Track,0:21pm,2023-11-11
0:21,11.11.2023,noah.thomson.4,7,01:00.362,SPRINT КАРТС,0:2111.11.2023,60.362,0:21pm @ 11/11/2023,Penrite Track,0:21pm,2023-11-11
0:21,11.11.2023,noah.thomson.4,8,01:12.241,SPRINT КАРТС,0:2111.11.2023,72.241,0:21pm @ 11/11/2023,Penrite Track,0:21pm,2023-11-11
0:21,11.11.2023,noah.thomson.4,9,00:42.176,SPRINT КАРТС,0:2111.11.2023,42.176,0:21pm @ 11/11/2023,Penrite Track,0:21pm,2023-11-11
0:21,11.11.2023,noah.thomson.4,10,00:42.110,SPRINT КАРТС,0:2111.11.2023,42.11,0:21pm @ 11/11/2023,Penrite Track,0:21pm,2023-11-11
0:21,11.11.2023,noah.thomson.4,11,00:40.564,SPRINT КАРТС,0:2111.11.2023,40.564,0:21pm @ 11/11/2023,Penrite Track,0:21pm,2023-11-11
0:21,11.11.2023,noah.thomson.4,12,00:47.497,SPRINT КАРТС,0:2111.11.2023,47.497,0:21pm @ 11/11/2023,Penrite Track,0:21pm,2023-11-11
0:21,11.11.2023,noah.thomson.4,13,00:39.452,SPRINT КАРТС,0:2111.11.2023,39.452,0:21pm @ 11/11/2023,Penrite Track,0:21pm,2023-11-11
0:21,11.11.2023,noah.thomson.4,14,00:40.182,SPRINT КАРТС,0:2111.11.2023,40.182,0:21pm @ 11/11/2023,Penrite Track,0:21pm,2023-11-11
0:21,11.11.2023,darian.king,1,01:31.675,SPRINT КАРТС,0:2111.11.2023,91.675,0:21pm @ 11/11/2023,Penrite Track,0:21pm,2023-11-11
0:21,11.11.2023,darian.king,2,00:45.640,SPRINT КАРТС,0:2111.11.2023,45.64,0:21pm @ 11/11/2023,Penrite Track,0:21pm,2023-11-11
0:21,11.11.2023,darian.king,3,00:47.982,SPRINT КАРТС,0:2111.11.2023,47.982,0:21pm @ 11/11/2023,Penrite Track,0:21pm,2023-11-11
0:21,11.11.2023,darian.king,4,00:43.463,SPRINT КАРТС,0:2111.11.2023,43.463,0:21pm @ 11/11/2023,Penrite Track,0:21pm,2023-11-11
0:21,11.11.2023,darian.king,5,01:09.801,SPRINT КАРТС,0:2111.11.2023,69.801,0:21pm @ 11/11/2023,Penrite Track,0:21pm,2023-11-11
0:21,11.11.2023,darian.king,6,00:43.739,SPRINT КАРТС,0:2111.11.2023,43.739,0:21pm @ 11/11/2023,Penrite Track,0:21pm,2023-11-11
0:21,11.11.2023,darian.king,7,01:16.456,SPRINT КАРТС,0:2111.11.2023,76.456,0:21pm @ 11/11/2023,Penrite Track,0:21pm,2023-11-11
0:21,11.11.2023,darian.king,8,00:54.882,SPRINT КАРТС,0:2111.11.2023,54.882,0:21pm @ 11/11/2023,Penrite Track,0:21pm,2023-11-11
0:21,11.11.2023,darian.king,9,00:43.749,SPRINT КАРТС,0:2111.11.2023,43.749,0:21pm @ 11/11/2023,Penrite Track,0:21pm,2023-11-11
0:21,11.11.2023,darian.king,10,00:42.345,SPRINT КАРТС,0:2111.11.2023,42.345,0:21pm @ 11/11/2023,Penrite Track,0:21pm,2023-11-11
0:21,11.11.2023,darian.king,11,00:44.296,SPRINT КАРТС,0:2111.11.2023,44.296,0:21pm @ 11/11/2023,Penrite Track,0:21pm,2023-11-11
0:21,11.11.2023,darian.king,12,00:49.245,SPRINT КАРТС,0:2111.11.2023,49.245,0:21pm @ 11/11/2023,Penrite Track,0:21pm,2023-11-11
0:21,11.11.2023,darian.king,13,00:40.999,SPRINT КАРТС,0:2111.11.2023,40.999,0:21pm @ 11/11/2023,Penrite Track,0:21pm,2023-11-11
0:21,11.11.2023,darian.king,14,00:43.830,SPRINT КАРТС,0:2111.11.2023,43.83,0:21pm @ 11/11/2023,Penrite Track,0:21pm,2023-11-11
1:56,14.10.2023,mitchell.whitten,1,01:07.476,SPRINT КАРТС,1:5614.10.2023,67.476,1:56pm @ 14/10/2023,Penrite Track,1:56pm,2023-10-14
1:56,14.10.2023,mitchell.whitten,2,01:29.101,SPRINT КАРТС,1:5614.10.2023,89.101,1:56pm @ 14/10/2023,Penrite Track,1:56pm,2023-10-14
1:56,14.10.2023,mitchell.whitten,3,00:49.944,SPRINT КАРТС,1:5614.10.2023,49.944,1:56pm @ 14/10/2023,Penrite Track,1:56pm,2023-10-14
1:56,14.10.2023,mitchell.whitten,4,00:41.603,SPRINT КАРТС,1:5614.10.2023,41.603,1:56pm @ 14/10/2023,Penrite Track,1:56pm,2023-10-14
1:56,14.10.2023,mitchell.whitten,5,00:44.015,SPRINT КАРТС,1:5614.10.2023,44.015,1:56pm @ 14/10/2023,Penrite Track,1:56pm,2023-10-14
1:56,14.10.2023,mitchell.whitten,6,00:43.853,SPRINT КАРТС,1:5614.10.2023,43.853,1:56pm @ 14/10/2023,Penrite Track,1:56pm,2023-10-14
1:56,14.10.2023,mitchell.whitten,7,00:46.046,SPRINT КАРТС,1:5614.10.2023,46.046,1:56pm @ 14/10/2023,Penrite Track,1:56pm,2023-10-14
1:56,14.10.2023,mitchell.whitten,8,00:51.424,SPRINT КАРТС,1:5614.10.2023,51.424,1:56pm @ 14/10/2023,Penrite Track,1:56pm,2023-10-14
1:56,14.10.2023,mitchell.whitten,9,00:40.015,SPRINT КАРТС,1:5614.10.2023,40.015,1:56pm @ 14/10/2023,Penrite Track,1:56pm,2023-10-14
1:56,14.10.2023,mitchell.whitten,10,00:40.992,SPRINT КАРТС,1:5614.10.2023,40.992,1:56pm @ 14/10/2023,Penrite Track,1:56pm,2023-10-14
1:56,14.10.2023,mitchell.whitten,11,00:44.088,SPRINT КАРТС,1:5614.10.2023,44.088,1:56pm @ 14/10/2023,Penrite Track,1:56pm,2023-10-14
1:56,14.10.2023,mitchell.whitten,12,00:48.546,SPRINT КАРТС,1:5614.10.2023,48.546,1:56pm @ 14/10/2023,Penrite Track,1:56pm,2023-10-14
1:56,14.10.2023,mitchell.whitten,13,00:44.769,SPRINT КАРТС,1:5614.10.2023,44.769,1:56pm @ 14/10/2023,Penrite Track,1:56pm,2023-10-14
1:56,14.10.2023,mitchell.whitten,14,01:12.911,SPRINT КАРТС,1:5614.10.2023,72.911,1:56pm @ 14/10/2023,Penrite Track,1:56pm,2023-10-14
1:56,14.10.2023,mathew.stephen,1,01:07.602,SPRINT КАРТС,1:5614.10.2023,67.602,1:56pm @ 14/10/2023,Penrite Track,1:56pm,2023-10-14
1:56,14.10.2023,mathew.stephen,2,01:30.738,SPRINT КАРТС,1:5614.10.2023,90.738,1:56pm @ 14/10/2023,Penrite Track,1:56pm,2023-10-14
1:56,14.10.2023,mathew.stephen,3,00:46.830,SPRINT КАРТС,1:5614.10.2023,46.83,1:56pm @ 14/10/2023,Penrite Track,1:56pm,2023-10-14
1:56,14.10.2023,mathew.stephen,4,00:43.249,SPRINT КАРТС,1:5614.10.2023,43.249,1:56pm @ 14/10/2023,Penrite Track,1:56pm,2023-10-14
1:56,14.10.2023,mathew.stephen,5,00:43.124,SPRINT КАРТС,1:5614.10.2023,43.124,1:56pm @ 14/10/2023,Penrite Track,1:56pm,2023-10-14
1:56,14.10.2023,mathew.stephen,6,00:44.477,SPRINT КАРТС,1:5614.10.2023,44.477,1:56pm @ 14/10/2023,Penrite Track,1:56pm,2023-10-14
1:56,14.10.2023,mathew.stephen,7,00:48.036,SPRINT КАРТС,1:5614.10.2023,48.036,1:56pm @ 14/10/2023,Penrite Track,1:56pm,2023-10-14
1:56,14.10.2023,mathew.stephen,8,01:00.246,SPRINT КАРТС,1:5614.10.2023,60.246,1:56pm @ 14/10/2023,Penrite Track,1:56pm,2023-10-14
1:56,14.10.2023,mathew.stephen,9,00:45.622,SPRINT КАРТС,1:5614.10.2023,45.622,1:56pm @ 14/10/2023,Penrite Track,1:56pm,2023-10-14
1:56,14.10.2023,mathew.stephen,10,00:42.857,SPRINT КАРТС,1:5614.10.2023,42.857,1:56pm @ 14/10/2023,Penrite Track,1:56pm,2023-10-14
1:56,14.10.2023,mathew.stephen,11,00:49.888,SPRINT КАРТС,1:5614.10.2023,49.888,1:56pm @ 14/10/2023,Penrite Track,1:56pm,2023-10-14
1:56,14.10.2023,mathew.stephen,12,01:02.597,SPRINT КАРТС,1:5614.10.2023,62.597,1:56pm @ 14/10/2023,Penrite Track,1:56pm,2023-10-14
1:56,14.10.2023,mathew.stephen,13,00:43.115,SPRINT КАРТС,1:5614.10.2023,43.115,1:56pm @ 14/10/2023,Penrite Track,1:56pm,2023-10-14
1:56,14.10.2023,mathew.stephen,14,00:43.866,SPRINT КАРТС,1:5614.10.2023,43.866,1:56pm @ 14/10/2023,Penrite Track,1:56pm,2023-10-14
1:56,14.10.2023,noah.thomson.4,1,01:08.137,SPRINT КАРТС,1:5614.10.2023,68.137,1:56pm @ 14/10/2023,Penrite Track,1:56pm,2023-10-14
1:56,14.10.2023,noah.thomson.4,2,01:27.288,SPRINT КАРТС,1:5614.10.2023,87.288,1:56pm @ 14/10/2023,Penrite Track,1:56pm,2023-10-14
1:56,14.10.2023,noah.thomson.4,3,00:45.034,SPRINT КАРТС,1:5614.10.2023,45.034,1:56pm @ 14/10/2023,Penrite Track,1:56pm,2023-10-14
1:56,14.10.2023,noah.thomson.4,4,00:40.324,SPRINT КАРТС,1:5614.10.2023,40.324,1:56pm @ 14/10/2023,Penrite Track,1:56pm,2023-10-14
1:56,14.10.2023,noah.thomson.4,5,00:40.612,SPRINT КАРТС,1:5614.10.2023,40.612,1:56pm @ 14/10/2023,Penrite Track,1:56pm,2023-10-14
1:56,14.10.2023,noah.thomson.4,6,00:49.867,SPRINT КАРТС,1:5614.10.2023,49.867,1:56pm @ 14/10/2023,Penrite Track,1:56pm,2023-10-14
1:56,14.10.2023,noah.thomson.4,7,00:50.698,SPRINT КАРТС,1:5614.10.2023,50.698,1:56pm @ 14/10/2023,Penrite Track,1:56pm,2023-10-14
1:56,14.10.2023,noah.thomson.4,8,00:52.070,SPRINT КАРТС,1:5614.10.2023,52.07,1:56pm @ 14/10/2023,Penrite Track,1:56pm,2023-10-14
1:56,14.10.2023,noah.thomson.4,9,00:39.929,SPRINT КАРТС,1:5614.10.2023,39.929,1:56pm @ 14/10/2023,Penrite Track,1:56pm,2023-10-14
1:56,14.10.2023,noah.thomson.4,10,00:41.724,SPRINT КАРТС,1:5614.10.2023,41.724,1:56pm @ 14/10/2023,Penrite Track,1:56pm,2023-10-14
1:56,14.10.2023,noah.thomson.4,11,00:43.966,SPRINT КАРТС,1:5614.10.2023,43.966,1:56pm @ 14/10/2023,Penrite Track,1:56pm,2023-10-14
1:56,14.10.2023,noah.thomson.4,12,00:47.284,SPRINT КАРТС,1:5614.10.2023,47.284,1:56pm @ 14/10/2023,Penrite Track,1:56pm,2023-10-14
1:56,14.10.2023,noah.thomson.4,13,00:41.538,SPRINT КАРТС,1:5614.10.2023,41.538,1:56pm @ 14/10/2023,Penrite Track,1:56pm,2023-10-14
1:56,14.10.2023,noah.thomson.4,14,01:03.404,SPRINT КАРТС,1:5614.10.2023,63.404,1:56pm @ 14/10/2023,Penrite Track,1:56pm,2023-10-14
1:56,14.10.2023,josh.kolappillil,1,01:08.365,SPRINT КАРТС,1:5614.10.2023,68.365,1:56pm @ 14/10/2023,Penrite Track,1:56pm,2023-10-14
1:56,14.10.2023,josh.kolappillil,2,01:23.646,SPRINT КАРТС,1:5614.10.2023,83.646,1:56pm @ 14/10/2023,Penrite Track,1:56pm,2023-10-14
1:56,14.10.2023,josh.kolappillil,3,00:41.902,SPRINT КАРТС,1:5614.10.2023,41.902,1:56pm @ 14/10/2023,Penrite Track,1:56pm,2023-10-14
1:56,14.10.2023,josh.kolappillil,4,00:40.643,SPRINT КАРТС,1:5614.10.2023,40.643,1:56pm @ 14/10/2023,Penrite Track,1:56pm,2023-10-14
1:56,14.10.2023,josh.kolappillil,5,00:40.287,SPRINT КАРТС,1:5614.10.2023,40.287,1:56pm @ 14/10/2023,Penrite Track,1:56pm,2023-10-14
1:56,14.10.2023,josh.kolappillil,6,00:48.127,SPRINT КАРТС,1:5614.10.2023,48.127,1:56pm @ 14/10/2023,Penrite Track,1:56pm,2023-10-14
1:56,14.10.2023,josh.kolappillil,7,00:54.959,SPRINT КАРТС,1:5614.10.2023,54.959,1:56pm @ 14/10/2023,Penrite Track,1:56pm,2023-10-14
1:56,14.10.2023,josh.kolappillil,8,00:53.798,SPRINT КАРТС,1:5614.10.2023,53.798,1:56pm @ 14/10/2023,Penrite Track,1:56pm,2023-10-14
1:56,14.10.2023,josh.kolappillil,9,00:40.078,SPRINT КАРТС,1:5614.10.2023,40.078,1:56pm @ 14/10/2023,Penrite Track,1:56pm,2023-10-14
1:56,14.10.2023,josh.kolappillil,10,00:40.595,SPRINT КАРТС,1:5614.10.2023,40.595,1:56pm @ 14/10/2023,Penrite Track,1:56pm,2023-10-14
1:56,14.10.2023,josh.kolappillil,11,00:44.678,SPRINT КАРТС,1:5614.10.2023,44.678,1:56pm @ 14/10/2023,Penrite Track,1:56pm,2023-10-14
1:56,14.10.2023,josh.kolappillil,12,00:49.518,SPRINT КАРТС,1:5614.10.2023,49.518,1:56pm @ 14/10/2023,Penrite Track,1:56pm,2023-10-14
1:56,14.10.2023,josh.kolappillil,13,00:42.721,SPRINT КАРТС,1:5614.10.2023,42.721,1:56pm @ 14/10/2023,Penrite Track,1:56pm,2023-10-14
1:56,14.10.2023,josh.kolappillil,14,01:10.816,SPRINT КАРТС,1:5614.10.2023,70.816,1:56pm @ 14/10/2023,Penrite Track,1:56pm,2023-10-14
4:52,01.10.2023,mitchell.whitten,1,01:39.393,SPRINT КАРТС,4:5201.10.2023,99.393,4:52pm @ 01/10/2023,Penrite Track,4:52pm,2023-10-01
4:52,01.10.2023,mitchell.whitten,2,00:48.990,SPRINT КАРТС,4:5201.10.2023,48.99,4:52pm @ 01/10/2023,Penrite Track,4:52pm,2023-10-01
4:52,01.10.2023,mitchell.whitten,3,00:42.052,SPRINT КАРТС,4:5201.10.2023,42.052,4:52pm @ 01/10/2023,Penrite Track,4:52pm,2023-10-01
4:52,01.10.2023,mitchell.whitten,4,00:41.030,SPRINT КАРТС,4:5201.10.2023,41.03,4:52pm @ 01/10/2023,Penrite Track,4:52pm,2023-10-01
4:52,01.10.2023,mitchell.whitten,5,00:45.887,SPRINT КАРТС,4:5201.10.2023,45.887,4:52pm @ 01/10/2023,Penrite Track,4:52pm,2023-10-01
4:52,01.10.2023,mitchell.whitten,6,00:49.930,SPRINT КАРТС,4:5201.10.2023,49.93,4:52pm @ 01/10/2023,Penrite Track,4:52pm,2023-10-01
4:52,01.10.2023,mitchell.whitten,7,00:40.099,SPRINT КАРТС,4:5201.10.2023,40.099,4:52pm @ 01/10/2023,Penrite Track,4:52pm,2023-10-01
4:52,01.10.2023,mitchell.whitten,8,00:40.111,SPRINT КАРТС,4:5201.10.2023,40.111,4:52pm @ 01/10/2023,Penrite Track,4:52pm,2023-10-01
4:52,01.10.2023,mitchell.whitten,9,00:39.610,SPRINT КАРТС,4:5201.10.2023,39.61,4:52pm @ 01/10/2023,Penrite Track,4:52pm,2023-10-01
4:52,01.10.2023,mitchell.whitten,10,00:42.434,SPRINT КАРТС,4:5201.10.2023,42.434,4:52pm @ 01/10/2023,Penrite Track,4:52pm,2023-10-01
4:52,01.10.2023,mitchell.whitten,11,00:50.140,SPRINT КАРТС,4:5201.10.2023,50.14,4:52pm @ 01/10/2023,Penrite Track,4:52pm,2023-10-01
4:52,01.10.2023,mitchell.whitten,12,00:48.693,SPRINT КАРТС,4:5201.10.2023,48.693,4:52pm @ 01/10/2023,Penrite Track,4:52pm,2023-10-01
4:52,01.10.2023,mitchell.whitten,13,00:51.500,SPRINT КАРТС,4:5201.10.2023,51.5,4:52pm @ 01/10/2023,Penrite Track,4:52pm,2023-10-01
4:52,01.10.2023,mitchell.whitten,14,00:38.725,SPRINT КАРТС,4:5201.10.2023,38.725,4:52pm @ 01/10/2023,Penrite Track,4:52pm,2023-10-01
4:52,01.10.2023,mathew.stephen,1,01:38.213,SPRINT КАРТС,4:5201.10.2023,98.213,4:52pm @ 01/10/2023,Penrite Track,4:52pm,2023-10-01
4:52,01.10.2023,mathew.stephen,2,00:57.170,SPRINT КАРТС,4:5201.10.2023,57.17,4:52pm @ 01/10/2023,Penrite Track,4:52pm,2023-10-01
4:52,01.10.2023,mathew.stephen,3,00:54.128,SPRINT КАРТС,4:5201.10.2023,54.128,4:52pm @ 01/10/2023,Penrite Track,4:52pm,2023-10-01
4:52,01.10.2023,mathew.stephen,4,00:51.943,SPRINT КАРТС,4:5201.10.2023,51.943,4:52pm @ 01/10/2023,Penrite Track,4:52pm,2023-10-01
4:52,01.10.2023,mathew.stephen,5,00:52.411,SPRINT КАРТС,4:5201.10.2023,52.411,4:52pm @ 01/10/2023,Penrite Track,4:52pm,2023-10-01
4:52,01.10.2023,mathew.stephen,6,00:48.148,SPRINT КАРТС,4:5201.10.2023,48.148,4:52pm @ 01/10/2023,Penrite Track,4:52pm,2023-10-01
4:52,01.10.2023,mathew.stephen,7,00:45.907,SPRINT КАРТС,4:5201.10.2023,45.907,4:52pm @ 01/10/2023,Penrite Track,4:52pm,2023-10-01
4:52,01.10.2023,mathew.stephen,8,00:45.386,SPRINT КАРТС,4:5201.10.2023,45.386,4:52pm @ 01/10/2023,Penrite Track,4:52pm,2023-10-01
4:52,01.10.2023,mathew.stephen,9,00:43.807,SPRINT КАРТС,4:5201.10.2023,43.807,4:52pm @ 01/10/2023,Penrite Track,4:52pm,2023-10-01
4:52,01.10.2023,mathew.stephen,10,00:51.362,SPRINT КАРТС,4:5201.10.2023,51.362,4:52pm @ 01/10/2023,Penrite Track,4:52pm,2023-10-01
4:52,01.10.2023,mathew.stephen,11,00:49.860,SPRINT КАРТС,4:5201.10.2023,49.86,4:52pm @ 01/10/2023,Penrite Track,4:52pm,2023-10-01
4:52,01.10.2023,mathew.stephen,12,00:53.019,SPRINT КАРТС,4:5201.10.2023,53.019,4:52pm @ 01/10/2023,Penrite Track,4:52pm,2023-10-01
4:52,01.10.2023,mathew.stephen,13,00:45.540,SPRINT КАРТС,4:5201.10.2023,45.54,4:52pm @ 01/10/2023,Penrite Track,4:52pm,2023-10-01
4:52,01.10.2023,mathew.stephen,14,00:49.946,SPRINT КАРТС,4:5201.10.2023,49.946,4:52pm @ 01/10/2023,Penrite Track,4:52pm,2023-10-01
4:52,01.10.2023,josh.kolappillil,1,01:36.378,SPRINT КАРТС,4:5201.10.2023,96.378,4:52pm @ 01/10/2023,Penrite Track,4:52pm,2023-10-01
4:52,01.10.2023,josh.kolappillil,2,00:42.928,SPRINT КАРТС,4:5201.10.2023,42.928,4:52pm @ 01/10/2023,Penrite Track,4:52pm,2023-10-01
4:52,01.10.2023,josh.kolappillil,3,00:41.775,SPRINT КАРТС,4:5201.10.2023,41.775,4:52pm @ 01/10/2023,Penrite Track,4:52pm,2023-10-01
4:52,01.10.2023,josh.kolappillil,4,00:42.382,SPRINT КАРТС,4:5201.10.2023,42.382,4:52pm @ 01/10/2023,Penrite Track,4:52pm,2023-10-01
4:52,01.10.2023,josh.kolappillil,5,00:45.255,SPRINT КАРТС,4:5201.10.2023,45.255,4:52pm @ 01/10/2023,Penrite Track,4:52pm,2023-10-01
4:52,01.10.2023,josh.kolappillil,6,00:43.994,SPRINT КАРТС,4:5201.10.2023,43.994,4:52pm @ 01/10/2023,Penrite Track,4:52pm,2023-10-01
4:52,01.10.2023,josh.kolappillil,7,00:39.570,SPRINT КАРТС,4:5201.10.2023,39.57,4:52pm @ 01/10/2023,Penrite Track,4:52pm,2023-10-01
4:52,01.10.2023,josh.kolappillil,8,00:38.995,SPRINT КАРТС,4:5201.10.2023,38.995,4:52pm @ 01/10/2023,Penrite Track,4:52pm,2023-10-01
4:52,01.10.2023,josh.kolappillil,9,00:40.882,SPRINT КАРТС,4:5201.10.2023,40.882,4:52pm @ 01/10/2023,Penrite Track,4:52pm,2023-10-01
4:52,01.10.2023,josh.kolappillil,10,00:39.071,SPRINT КАРТС,4:5201.10.2023,39.071,4:52pm @ 01/10/2023,Penrite Track,4:52pm,2023-10-01
4:52,01.10.2023,josh.kolappillil,11,00:42.023,SPRINT КАРТС,4:5201.10.2023,42.023,4:52pm @ 01/10/2023,Penrite Track,4:52pm,2023-10-01
4:52,01.10.2023,josh.kolappillil,12,00:44.300,SPRINT КАРТС,4:5201.10.2023,44.3,4:52pm @ 01/10/2023,Penrite Track,4:52pm,2023-10-01
4:52,01.10.2023,josh.kolappillil,13,00:42.416,SPRINT КАРТС,4:5201.10.2023,42.416,4:52pm @ 01/10/2023,Penrite Track,4:52pm,2023-10-01
4:52,01.10.2023,josh.kolappillil,14,00:42.613,SPRINT КАРТС,4:5201.10.2023,42.613,4:52pm @ 01/10/2023,Penrite Track,4:52pm,2023-10-01
4:52,01.10.2023,darian.king,1,01:40.025,SPRINT КАРТС,4:5201.10.2023,100.025,4:52pm @ 01/10/2023,Penrite Track,4:52pm,2023-10-01
4:52,01.10.2023,darian.king,2,00:45.643,SPRINT КАРТС,4:5201.10.2023,45.643,4:52pm @ 01/10/2023,Penrite Track,4:52pm,2023-10-01
4:52,01.10.2023,darian.king,3,00:45.206,SPRINT КАРТС,4:5201.10.2023,45.206,4:52pm @ 01/10/2023,Penrite Track,4:52pm,2023-10-01
4:52,01.10.2023,darian.king,4,00:45.218,SPRINT КАРТС,4:5201.10.2023,45.218,4:52pm @ 01/10/2023,Penrite Track,4:52pm,2023-10-01
4:52,01.10.2023,darian.king,5,01:03.025,SPRINT КАРТС,4:5201.10.2023,63.025,4:52pm @ 01/10/2023,Penrite Track,4:52pm,2023-10-01
4:52,01.10.2023,darian.king,6,01:00.695,SPRINT КАРТС,4:5201.10.2023,60.695,4:52pm @ 01/10/2023,Penrite Track,4:52pm,2023-10-01
4:52,01.10.2023,darian.king,7,00:42.798,SPRINT КАРТС,4:5201.10.2023,42.798,4:52pm @ 01/10/2023,Penrite Track,4:52pm,2023-10-01
4:52,01.10.2023,darian.king,8,00:42.806,SPRINT КАРТС,4:5201.10.2023,42.806,4:52pm @ 01/10/2023,Penrite Track,4:52pm,2023-10-01
4:52,01.10.2023,darian.king,9,00:41.191,SPRINT КАРТС,4:5201.10.2023,41.191,4:52pm @ 01/10/2023,Penrite Track,4:52pm,2023-10-01
4:52,01.10.2023,darian.king,10,00:48.462,SPRINT КАРТС,4:5201.10.2023,48.462,4:52pm @ 01/10/2023,Penrite Track,4:52pm,2023-10-01
4:52,01.10.2023,darian.king,11,00:48.544,SPRINT КАРТС,4:5201.10.2023,48.544,4:52pm @ 01/10/2023,Penrite Track,4:52pm,2023-10-01
4:52,01.10.2023,darian.king,12,00:43.158,SPRINT КАРТС,4:5201.10.2023,43.158,4:52pm @ 01/10/2023,Penrite Track,4:52pm,2023-10-01
4:52,01.10.2023,darian.king,13,00:42.933,SPRINT КАРТС,4:5201.10.2023,42.933,4:52pm @ 01/10/2023,Penrite Track,4:52pm,2023-10-01
4:52,01.10.2023,darian.king,14,00:42.641,SPRINT КАРТС,4:5201.10.2023,42.641,4:52pm @ 01/10/2023,Penrite Track,4:52pm,2023-10-01
9:32,06.02.2023,mitchell.whitten,1,01:37.701,Sodi RX8,9:3206.02.2023,97.701,9:32pm @ 06/02/2023,Kartdrome,9:32pm,2023-02-06
9:32,06.02.2023,mitchell.whitten,2,01:34.447,Sodi RX8,9:3206.02.2023,94.447,9:32pm @ 06/02/2023,Kartdrome,9:32pm,2023-02-06
9:32,06.02.2023,mitchell.whitten,3,01:36.766,Sodi RX8,9:3206.02.2023,96.766,9:32pm @ 06/02/2023,Kartdrome,9:32pm,2023-02-06
9:32,06.02.2023,mitchell.whitten,4,02:11.200,Sodi RX8,9:3206.02.2023,131.2,9:32pm @ 06/02/2023,Kartdrome,9:32pm,2023-02-06
9:32,06.02.2023,mitchell.whitten,5,01:33.095,Sodi RX8,9:3206.02.2023,93.095,9:32pm @ 06/02/2023,Kartdrome,9:32pm,2023-02-06
9:32,06.02.2023,mitchell.whitten,6,01:30.601,Sodi RX8,9:3206.02.2023,90.601,9:32pm @ 06/02/2023,Kartdrome,9:32pm,2023-02-06
9:32,06.02.2023,mitchell.whitten,7,01:23.231,Sodi RX8,9:3206.02.2023,83.231,9:32pm @ 06/02/2023,Kartdrome,9:32pm,2023-02-06
9:32,06.02.2023,mitchell.whitten,8,01:24.181,Sodi RX8,9:3206.02.2023,84.181,9:32pm @ 06/02/2023,Kartdrome,9:32pm,2023-02-06
9:32,06.02.2023,mitchell.whitten,9,01:20.881,Sodi RX8,9:3206.02.2023,80.881,9:32pm @ 06/02/2023,Kartdrome,9:32pm,2023-02-06
9:32,06.02.2023,mathew.stephen,1,01:53.259,Sodi RX8,9:3206.02.2023,113.259,9:32pm @ 06/02/2023,Kartdrome,9:32pm,2023-02-06
9:32,06.02.2023,mathew.stephen,2,01:40.139,Sodi RX8,9:3206.02.2023,100.139,9:32pm @ 06/02/2023,Kartdrome,9:32pm,2023-02-06
9:32,06.02.2023,mathew.stephen,3,01:45.022,Sodi RX8,9:3206.02.2023,105.022,9:32pm @ 06/02/2023,Kartdrome,9:32pm,2023-02-06
9:32,06.02.2023,mathew.stephen,4,01:44.816,Sodi RX8,9:3206.02.2023,104.816,9:32pm @ 06/02/2023,Kartdrome,9:32pm,2023-02-06
9:32,06.02.2023,mathew.stephen,5,01:48.889,Sodi RX8,9:3206.02.2023,108.889,9:32pm @ 06/02/2023,Kartdrome,9:32pm,2023-02-06
9:32,06.02.2023,mathew.stephen,6,01:35.828,Sodi RX8,9:3206.02.2023,95.828,9:32pm @ 06/02/2023,Kartdrome,9:32pm,2023-02-06
9:32,06.02.2023,mathew.stephen,7,01:35.982,Sodi RX8,9:3206.02.2023,95.982,9:32pm @ 06/02/2023,Kartdrome,9:32pm,2023-02-06
9:32,06.02.2023,mathew.stephen,8,01:35.673,Sodi RX8,9:3206.02.2023,95.673,9:32pm @ 06/02/2023,Kartdrome,9:32pm,2023-02-06
5:34,22.11.2022,josh.kolappillil,1,01:04.203,Pro Kart,5:3422.11.2022,64.203,5:34pm @ 22/11/2022,Brisbane Slideways,5:34pm,2022-11-22
5:34,22.11.2022,josh.kolappillil,2,00:56.443,Pro Kart,5:3422.11.2022,56.443,5:34pm @ 22/11/2022,Brisbane Slideways,5:34pm,2022-11-22
5:34,22.11.2022,josh.kolappillil,3,00:55.055,Pro Kart,5:3422.11.2022,55.055,5:34pm @ 22/11/2022,Brisbane Slideways,5:34pm,2022-11-22
5:34,22.11.2022,josh.kolappillil,4,00:56.049,Pro Kart,5:3422.11.2022,56.049,5:34pm @ 22/11/2022,Brisbane Slideways,5:34pm,2022-11-22
5:34,22.11.2022,josh.kolappillil,5,00:54.907,Pro Kart,5:3422.11.2022,54.907,5:34pm @ 22/11/2022,Brisbane Slideways,5:34pm,2022-11-22
5:34,22.11.2022,josh.kolappillil,6,00:55.732,Pro Kart,5:3422.11.2022,55.732,5:34pm @ 22/11/2022,Brisbane Slideways,5:34pm,2022-11-22
5:34,22.11.2022,josh.kolappillil,7,01:03.890,Pro Kart,5:3422.11.2022,63.89,5:34pm @ 22/11/2022,Brisbane Slideways,5:34pm,2022-11-22
5:34,22.11.2022,josh.kolappillil,8,00:55.160,Pro Kart,5:3422.11.2022,55.16,5:34pm @ 22/11/2022,Brisbane Slideways,5:34pm,2022-11-22
5:34,22.11.2022,josh.kolappillil,9,01:00.607,Pro Kart,5:3422.11.2022,60.607,5:34pm @ 22/11/2022,Brisbane Slideways,5:34pm,2022-11-22
5:34,22.11.2022,josh.kolappillil,10,00:54.282,Pro Kart,5:3422.11.2022,54.282,5:34pm @ 22/11/2022,Brisbane Slideways,5:34pm,2022-11-22
5:34,22.11.2022,josh.kolappillil,11,00:53.942,Pro Kart,5:3422.11.2022,53.942,5:34pm @ 22/11/2022,Brisbane Slideways,5:34pm,2022-11-22
5:34,22.11.2022,josh.kolappillil,12,00:54.389,Pro Kart,5:3422.11.2022,54.389,5:34pm @ 22/11/2022,Brisbane Slideways,5:34pm,2022-11-22
5:34,22.11.2022,josh.kolappillil,13,01:02.411,Pro Kart,5:3422.11.2022,62.411,5:34pm @ 22/11/2022,Brisbane Slideways,5:34pm,2022-11-22
5:34,22.11.2022,josh.kolappillil,14,00:52.218,Pro Kart,5:3422.11.2022,52.218,5:34pm @ 22/11/2022,Brisbane Slideways,5:34pm,2022-11-22
5:34,22.11.2022,josh.kolappillil,15,00:53.046,Pro Kart,5:3422.11.2022,53.046,5:34pm @ 22/11/2022,Brisbane Slideways,5:34pm,2022-11-22
5:34,22.11.2022,josh.kolappillil,16,00:51.279,Pro Kart,5:3422.11.2022,51.279,5:34pm @ 22/11/2022,Brisbane Slideways,5:34pm,2022-11-22
5:34,22.11.2022,josh.kolappillil,17,01:35.899,Pro Kart,5:3422.11.2022,95.899,5:34pm @ 22/11/2022,Brisbane Slideways,5:34pm,2022-11-22
5:34,22.11.2022,josh.kolappillil,18,00:52.502,Pro Kart,5:3422.11.2022,52.502,5:34pm @ 22/11/2022,Brisbane Slideways,5:34pm,2022-11-22
5:34,22.11.2022,josh.kolappillil,19,00:53.164,Pro Kart,5:3422.11.2022,53.164,5:34pm @ 22/11/2022,Brisbane Slideways,5:34pm,2022-11-22
1:55,13.05.2022,josh.kolappillil,1,01:28.617,SPRINT КАРТС,1:5513.05.2022,88.617,1:55pm @ 13/05/2022,Penrite Track,1:55pm,2022-05-13
1:55,13.05.2022,josh.kolappillil,2,00:47.899,SPRINT КАРТС,1:5513.05.2022,47.899,1:55pm @ 13/05/2022,Penrite Track,1:55pm,2022-05-13
1:55,13.05.2022,josh.kolappillil,3,00:47.171,SPRINT КАРТС,1:5513.05.2022,47.171,1:55pm @ 13/05/2022,Penrite Track,1:55pm,2022-05-13
1:55,13.05.2022,josh.kolappillil,4,00:50.219,SPRINT КАРТС,1:5513.05.2022,50.219,1:55pm @ 13/05/2022,Penrite Track,1:55pm,2022-05-13
1:55,13.05.2022,josh.kolappillil,5,01:08.692,SPRINT КАРТС,1:5513.05.2022,68.692,1:55pm @ 13/05/2022,Penrite Track,1:55pm,2022-05-13
1:55,13.05.2022,josh.kolappillil,6,00:53.533,SPRINT КАРТС,1:5513.05.2022,53.533,1:55pm @ 13/05/2022,Penrite Track,1:55pm,2022-05-13
1:55,13.05.2022,josh.kolappillil,7,00:51.480,SPRINT КАРТС,1:5513.05.2022,51.48,1:55pm @ 13/05/2022,Penrite Track,1:55pm,2022-05-13
1:55,13.05.2022,josh.kolappillil,8,00:45.443,SPRINT КАРТС,1:5513.05.2022,45.443,1:55pm @ 13/05/2022,Penrite Track,1:55pm,2022-05-13
1:55,13.05.2022,josh.kolappillil,9,00:44.765,SPRINT КАРТС,1:5513.05.2022,44.765,1:55pm @ 13/05/2022,Penrite Track,1:55pm,2022-05-13
1:55,13.05.2022,josh.kolappillil,10,00:45.225,SPRINT КАРТС,1:5513.05.2022,45.225,1:55pm @ 13/05/2022,Penrite Track,1:55pm,2022-05-13
1:55,13.05.2022,josh.kolappillil,11,00:44.733,SPRINT КАРТС,1:5513.05.2022,44.733,1:55pm @ 13/05/2022,Penrite Track,1:55pm,2022-05-13
1:55,13.05.2022,josh.kolappillil,12,00:45.195,SPRINT КАРТС,1:5513.05.2022,45.195,1:55pm @ 13/05/2022,Penrite Track,1:55pm,2022-05-13
1:55,13.05.2022,josh.kolappillil,13,00:44.063,SPRINT КАРТС,1:5513.05.2022,44.063,1:55pm @ 13/05/2022,Penrite Track,1:55pm,2022-05-13
1:55,13.05.2022,josh.kolappillil,14,00:44.505,SPRINT КАРТС,1:5513.05.2022,44.505,1:55pm @ 13/05/2022,Penrite Track,1:55pm,2022-05-13
3:33,15.01.2021,josh.kolappillil,1,01:13.948,SPRINT КАРТС,3:3315.01.2021,73.948,3:33pm @ 15/01/2021,Penrite Track,3:33pm,2021-01-15
3:33,15.01.2021,josh.kolappillil,2,00:59.139,SPRINT КАРТС,3:3315.01.2021,59.139,3:33pm @ 15/01/2021,Penrite Track,3:33pm,2021-01-15
3:33,15.01.2021,josh.kolappillil,3,00:57.570,SPRINT КАРТС,3:3315.01.2021,57.57,3:33pm @ 15/01/2021,Penrite Track,3:33pm,2021-01-15
3:33,15.01.2021,josh.kolappillil,4,00:51.983,SPRINT КАРТС,3:3315.01.2021,51.983,3:33pm @ 15/01/2021,Penrite Track,3:33pm,2021-01-15
3:33,15.01.2021,josh.kolappillil,5,00:50.035,SPRINT КАРТС,3:3315.01.2021,50.035,3:33pm @ 15/01/2021,Penrite Track,3:33pm,2021-01-15
3:33,15.01.2021,josh.kolappillil,6,00:53.000,SPRINT КАРТС,3:3315.01.2021,53.0,3:33pm @ 15/01/2021,Penrite Track,3:33pm,2021-01-15
3:33,15.01.2021,josh.kolappillil,7,00:47.953,SPRINT КАРТС,3:3315.01.2021,47.953,3:33pm @ 15/01/2021,Penrite Track,3:33pm,2021-01-15
3:33,15.01.2021,josh.kolappillil,8,00:44.965,SPRINT КАРТС,3:3315.01.2021,44.965,3:33pm @ 15/01/2021,Penrite Track,3:33pm,2021-01-15
3:33,15.01.2021,josh.kolappillil,9,00:45.128,SPRINT КАРТС,3:3315.01.2021,45.128,3:33pm @ 15/01/2021,Penrite Track,3:33pm,2021-01-15
3:33,15.01.2021,josh.kolappillil,10,00:44.024,SPRINT КАРТС,3:3315.01.2021,44.024,3:33pm @ 15/01/2021,Penrite Track,3:33pm,2021-01-15
3:33,15.01.2021,josh.kolappillil,11,00:45.148,SPRINT КАРТС,3:3315.01.2021,45.148,3:33pm @ 15/01/2021,Penrite Track,3:33pm,2021-01-15
3:33,15.01.2021,josh.kolappillil,12,00:49.560,SPRINT КАРТС,3:3315.01.2021,49.56,3:33pm @ 15/01/2021,Penrite Track,3:33pm,2021-01-15
3:33,15.01.2021,josh.kolappillil,13,00:45.714,SPRINT КАРТС,3:3315.01.2021,45.714,3:33pm @ 15/01/2021,Penrite Track,3:33pm,2021-01-15
